{
  "console" : "aseoha:console/battle",
  "controls" : {
    "aseoha:light_switch" : {
      "offset" : [ -0.046875, 0.9453125000000001, 0.4234375 ],
      "size" : [ 0.3125, 0.062499999999999445, 0.125 ]
    },
    "tardis:communicator" : {
      "offset" : [ -0.046875, 0.8843750000000001, 0.5671875000000003 ],
      "size" : [ 0.3125, 0.0625, 0.125 ]
    },
    "tardis:dimension" : {
      "offset" : [ 0.515625, 1.015625, -0.484375 ],
      "size" : [ 0.25, 0.25, 0.25 ]
    },
    "tardis:door" : {
      "offset" : [ -0.046875, 0.8250000000000002, 0.7187500000000004 ],
      "size" : [ 0.3125, 0.0625, 0.0625 ]
    },
    "tardis:fast_return" : {
      "offset" : [ -0.0625, 1.0531250000000005, -0.640625 ],
      "size" : [ 0.125, 0.0625, 0.0625 ]
    },
    "tardis:handbrake" : {
      "offset" : [ 0.6875, 0.8671874999999994, 0.1656249999999999 ],
      "size" : [ 0.1875, 0.187500000000001, 0.1875 ]
    },
    "tardis:increment" : {
      "offset" : [ -0.0625, 1.1124999999999998, -0.5578124999999999 ],
      "size" : [ 0.125, 0.0625, 0.0625 ]
    },
    "tardis:land_type" : {
      "offset" : [ -0.25, 1.1124999999999998, -0.5562499999999999 ],
      "size" : [ 0.125, 0.0625, 0.0625 ]
    },
    "tardis:randomizer" : {
      "offset" : [ -0.625, 0.8953125000000004, -0.43281249999999993 ],
      "size" : [ 0.3125, 0.125, 0.3125 ]
    },
    "tardis:refueler" : {
      "offset" : [ -0.21875, 0.9468749999999999, -0.9296875000000001 ],
      "size" : [ 0.4375, 0.0625, 0.125 ]
    },
    "tardis:stabilizers" : {
      "offset" : [ 0.5000000000000001, 1.048437500000001, 0.06250000000000003 ],
      "size" : [ 0.1875000000000001, 0.125, 0.18749999999999994 ]
    },
    "tardis:telepathics" : {
      "offset" : [ -0.8593750000000004, 0.9249999999999998, 0.071875 ],
      "size" : [ 0.5, 0.25000000000000067, 0.5625 ]
    },
    "tardis:throttle" : {
      "offset" : [ 0.3125, 0.921875, 0.375 ],
      "size" : [ 0.4375, 0.25, 0.3125 ]
    },
    "tardis:x" : {
      "offset" : [ 0.125, 1.0218749999999988, -0.7781249999999996 ],
      "size" : [ 0.125, 0.0625, 0.125 ]
    },
    "tardis:y" : {
      "offset" : [ -0.0625, 1.0218749999999988, -0.7781249999999995 ],
      "size" : [ 0.125, 0.0625, 0.125 ]
    },
    "tardis:z" : {
      "offset" : [ -0.25, 1.0218749999999988, -0.7781249999999997 ],
      "size" : [ 0.125, 0.0625, 0.125 ]
    }
  }
}