{
	"console":"aseoha:console/brackolin",
	"controls": {
		"tardis:throttle":{
			"size": [0.125, 0.1250000000000001, 0.1875],
 			"offset":[0.07812500298023231, 0.9338962139682961, 0.4719270623347961]
		},
		"tardis:handbrake":{
			"size": [0.125, 0.125, 0.125],
 			"offset":[-0.21875, 0.9910957342714135, 0.4682191464885477]
		},
		"tardis:refueler":{
			"size": [0.18750000000000008, 0.06249999999999989, 0.0625],
 			"offset":[0.07812501192092894, 0.9188020654210665, -0.6651462083376054]
		},
		"tardis:stabilizers":{
			"size": [0.1875, 0.125, 0.1875],
 			"offset":[0.21311484809218606, 1.0210897223819833, -0.2812349651096243]
		},
		"tardis:increment":{
			"size": [0.0625, 0.0625, 0.0625],
 			"offset":[-0.25000001192092897, 0.9188020654210663, -0.6651462083376054]
		},
		"tardis:x":{
			"size": [0.0625, 0.06249999999999989, 0.0625],
 			"offset":[-0.0156250007916242, 0.9156770404616213, -0.6681069637631428]
		},
		"tardis:y":{
			"size": [0.06250000000000001, 0.0625, 0.0625],
 			"offset":[-0.09374999701976777, 0.9156770643034792, -0.6681069637631428]
		},
		"tardis:z":{
			"size": [0.0625, 0.0625, 0.0625],
 			"offset":[-0.17187499701976777, 0.9156770643034792, -0.6681069637631428]
		},
		"tardis:land_type":{
			"size": [0.125, 0.125, 0.12500000000000006],
 			"offset":[-0.46810883564396233, 0.9185776989756516, 0.42375096121982553]
		},
		"tardis:facing":{
			"size": [0.125, 0.125, 0.125],
 			"offset":[-0.4643497937640091, 1.0233914243096458, 0.0670561813196132]
		},
		"tardis:randomizer":{
			"size": [0.125, 0.06250000000000022, 0.125],
 			"offset":[-0.6595711751440194, 0.9858773824461144, 0.0809145319614297]
		},
		"tardis:dimension":{
			"size": [0.3125, 0.0625, 0.0625],
 			"offset":[-0.15625, 0.9442207342714137, -0.5619691464885476]
		},
		"tardis:telepathics":{
			"size": [0.1875, 0.0625, 0.1875],
 			"offset":[-0.5215403202787887, 1.0223156730881822, -0.4404757827227883]
		},
		"tardis:fast_return":{
			"size": [0.125, 0.06249999999999989, 0.125],
 			"offset":[0.45680875170034185, 0.9647275400291077, -0.36470553584787757]
		},
		"tardis:communicator":{
			"size": [0.0625, 0.0625, 0.0625],
 			"offset":[-0.3662398480921862, 1.0523397223819833, 0.3209625054880681]
		},
		"tardis:sonic_port":{
			"size": [0.0625, 0.0625, 0.0625],
 			"offset":[-0.428125, 1.25, -0.13124999999999998]
		},
		"tardis:monitor":{
			"size": [0.3125, 0.125, 0.375],
 			"offset":[0.24916452780661313, 0.9994390877713017, 0.0344802072016539]
		}
	}
}