{
	"console":"aseoha:console/copper",
	"controls": {
		"tardis:throttle":{
			"size": [0.3125, 0.3749999999999999, 0.3125000000000001],
			"offset":[-0.4738882120279307, 0.9687302807151231, -1.0008257015105548]
		},
		"tardis:handbrake":{
			"size": [0.25, 0.3125, 0.125],
			"offset":[-1.0311918854810398, 0.9391839638142851, 0.0731975404893288]
		},
		"tardis:refueler":{
			"size": [0.0625, 0.0625, 0.0625],
			"offset":[0, 1.25, 0]
		},
		"tardis:stabilizers":{
			"size": [0.125, 0.0625, 0.125],
			"offset":[0.8165066180394637, 0.8950910668564553, 0.4614833489666317]
		},
		"tardis:increment":{
			"size": [0.125, 0.0625, 0.1875],
			"offset":[-0.743987754933856, 0.9401273028912118, 0.7528119766243953]
		},
		"tardis:x":{
			"size": [0.0625, 0.06249999999999989, 0.0625],
			"offset":[0.6544863168167439, 0.9929148231427344, -0.5766931615536186]
		},
		"tardis:y":{
			"size": [0.0625, 0.06250000000000011, 0.0625],
			"offset":[0.7013615077518616, 0.9429147126361163, -0.653083198531567]
		},
		"tardis:z":{
			"size": [0.0625, 0.0625, 0.0625],
			"offset":[0.7966741214152964, 0.8897896059330668, -0.7011538974142372]
		},
		"tardis:land_type":{
			"size": [0.3125, 0.3125, 0.1875],
			"offset":[0.6397885576618005, 0.9911505533360163, 0.05746322828971362]
		},
		"tardis:facing":{
			"size": [0.0625, 0.0625, 0.0625],
			"offset":[-1.063872599097576, 0.8851375466443364, -0.38520775113902395]
		},
		"tardis:randomizer":{
			"size": [0.375, 0.3125000000000001, 0.25],
			"offset":[-0.20313643624581673, 0.8064711124715943, 0.9004544075833667]
		},
		"tardis:dimension":{
			"size": [0.125, 0.125, 0.125],
			"offset":[-0.8743244262519005, 0.9357490653476923, -0.5199420161493752]
		},
		"tardis:telepathics":{
			"size": [0.25, 0.0625, 0.25],
			"offset":[-1.1487666799164762, 0.7314708243790328, -0.7069985355530071]
		},
		"tardis:fast_return":{
			"size": [0.1875, 0.125, 0.1875],
			"offset":[0.18293600855812764, 0.9769442623629556, -0.9324120292539169]
		},
		"tardis:communicator":{
			"size": [0.1875, 0.25, 0.0625],
			"offset":[-0.1468824605473258, 1.1687500476837158, 0.5337973708893774]
		},
		"tardis:sonic_port":{
			"size": [0.0625, 0.06249999999999989, 0.0625],
			"offset":[-0.8484703034433416, 0.9808872581914564, 0.26979378256920483]
		},
		"tardis:monitor":{
			"size": [0.5, 0.8125, 0.75],
			"offset":[-0.8862204254148771, 1.725000023841858, -0.7526840919742934]
		}
	}
}