{
	"console":"aseoha:console/coral",
	"controls": {
		"tardis:throttle":{
			"size": [0.25, 0.3125, 0.375],
 			"offset":[-0.12250000000000004, 1.3001000625, 0.5778658125]
		},
		"tardis:handbrake":{
			"size": [0.3125, 0.3125, 0.25],
 			"offset":[-0.9379056250000001, 1.3459415625, -0.63929025]
		},
		"tardis:refueler":{
			"size": [0.1875, 0.125, 0.1875],
 			"offset":[0.19109375, 1.2220312500000001, -0.5582812500000001]
		},
		"tardis:stabilizers":{
			"size": [0.25, 0.125, 0.2500000000000001],
 			"offset":[-0.341875, 1.0181250000000002, 0.9154687499999999]
		},
		"tardis:increment":{
			"size": [0.4375, 0.1875, 0.3125],
 			"offset":[-0.8143750000000001, 1.29796875, 0.1996875]
		},
		"tardis:x":{
			"size": [0.0625, 0.0625, 0.0625],
 			"offset":[0.558125, 1.1728125, -0.703125]
		},
		"tardis:y":{
			"size": [0.0625, 0.0625, 0.0625],
 			"offset":[0.4596875, 1.1728125, -0.75375]
		},
		"tardis:z":{
			"size": [0.0625, 0.0625, 0.0625],
 			"offset":[0.35984375, 1.1728125, -0.8043750000000001]
		},
		"tardis:land_type":{
			"size": [0.1875, 0.375, 0.3125],
 			"offset":[-0.5855815000000001, 1.0604019375000002, -0.9794818125]
		},
		"tardis:facing":{
			"size": [0.1875, 0.1875, 0.25],
 			"offset":[-0.364375, 1.26140625, 0.40218750000000003]
		},
		"tardis:randomizer":{
			"size": [0.1875, 0.0625, 0.25],
 			"offset":[-0.64, 1.29375, 0.52875]
		},
		"tardis:dimension":{
			"size": [0.1875, 0.25, 0.125],
 			"offset":[0.69875, 1.125, -0.039375]
		},
		"tardis:telepathics":{
			"size": [0.1875000000000001, 0.1875, 0.125],
 			"offset":[0.90125, 1.096875, -0.03375]
		},
		"tardis:fast_return":{
			"size": [0.3125, 0.3124999999999999, 0.0625],
 			"offset":[-0.5925626875000001, 0.8394485625, -1.299009375]
		},
		"tardis:communicator":{
			"size": [0.3125, 0.25, 0.3125],
 			"offset":[-1.0013674375000001, 1.1009671875, -0.2531266875]
		},
		"tardis:sonic_port":{
			"size": [0.25, 0.125, 0.25],
 			"offset":[-0.11125000000000002, 1.1762752500000002, 1.0118002499999998]
		},
		"tardis:monitor":{
			"size": [0.5625, 0.5, 0.43750000000000006],
 			"offset":[0.13041012500000002, 1.29375, 0.46622587500000007]
		},
		"tardis:door":{
			"size": [0.125, 0.125, 0.125],
 			"offset":[0.7690625, 1.03078125, -0.7875]
		}
	}
}