{
	"console":"aseoha:console/hartnell",
	"controls": {
		"tardis:throttle":{
			"size": [0.125, 0.1875, 0.3125],
 			"offset":[0.4078125, 1.433854837700429, -1.3475355463788328]
		},
		"tardis:handbrake":{
			"size": [0.125, 0.1875, 0.3125],
 			"offset":[0.0953125, 1.4312346846502315, -1.3529704504942823]
		},
		"tardis:refueler":{
			"size": [0.3125, 0.0625, 0.125],
 			"offset":[-0.30625, 1.4625, -1.365625]
		},
		"tardis:stabilizers":{
			"size": [0.1875, 0.0625, 0.1875],
 			"offset":[-0.9818765041753568, 1.5532285039072211, 0.5670321224666872]
		},
		"tardis:increment":{
			"size": [0.125, 0.0625, 0.06250000000000006],
 			"offset":[0.9141026249760742, 1.6213250160217285, 0.453430172509172]
		},
		"tardis:x":{
			"size": [0.0625, 0.0625, 0.0625],
 			"offset":[0.6289409713653762, 1.689859455815551, 0.5565217654289784]
		},
		"tardis:y":{
			"size": [0.0625, 0.0625, 0.0625],
 			"offset":[0.8966329992213242, 1.547829375116001, 0.7090122839748361]
		},
		"tardis:z":{
			"size": [0.0625, 0.0625, 0.0625],
 			"offset":[1.0629790466627183, 1.5011778278741188, 0.8094990655122346]
		},
		"tardis:land_type":{
			"size": [0.0625, 0.0625, 0.0625],
 			"offset":[0.8919364793330681, 1.6610697975466906, -0.20199788534428034]
		},
		"tardis:facing":{
			"size": [0.125, 0.0625, 0.125],
 			"offset":[0.7969019003097376, 1.6447625160217285, -0.5370484086672795]
		},
		"tardis:randomizer":{
			"size": [0.1875, 0.0625, 0.1875],
 			"offset":[-0.84981266478298, 1.55788627811665, 0.8076792499305994]
		},
		"tardis:dimension":{
			"size": [0.1875, 0.0625, 0.18749999999999944],
 			"offset":[-0.451569765873609, 1.577926797173177, 0.9546612237012889]
		},
		"tardis:telepathics":{
			"size": [0.3125, 0.125, 0.3125],
 			"offset":[-1.3874712680296808, 1.4572625160217285, 0.16492520759266738]
		},
		"tardis:fast_return":{
			"size": [0.125, 0.0625, 0.125],
 			"offset":[-1.3663329538011797, 1.4519578147858268, -0.48589505249639353]
		},
		"tardis:communicator":{
			"size": [0.12499999999999989, 0.0625, 0.125],
 			"offset":[-1.080396679846739, 1.4519578147858268, -0.9865666969150045]
		},
		"tardis:sonic_port":{
			"size": [0.125, 0.0625, 0.125],
 			"offset":[-0.06875, 1.65625, -0.909375]
		},
		"tardis:monitor":{
			"size": [0.1875, 0.0625, 0.18749999999999978],
 			"offset":[0.26405523410699544, 1.577926797173177, 0.9546665039336248]
		}
	}
}