{
  "console" : "aseoha:console/hartnell",
  "controls" : {
    "tardis:communicator" : {
      "offset" : [ -1.080396679846739, 1.4519578147858268, -0.9865666969150045 ],
      "size" : [ 0.12499999999999989, 0.0625, 0.125 ]
    },
    "tardis:dimension" : {
      "offset" : [ -0.451569765873609, 1.577926797173177, 0.9546612237012889 ],
      "size" : [ 0.1875, 0.0625, 0.18749999999999944 ]
    },
    "tardis:facing" : {
      "offset" : [ 0.7969019003097376, 1.6447625160217285, -0.5370484086672795 ],
      "size" : [ 0.125, 0.0625, 0.125 ]
    },
    "tardis:fast_return" : {
      "offset" : [ -1.3663329538011797, 1.4519578147858268, -0.48589505249639353 ],
      "size" : [ 0.125, 0.0625, 0.125 ]
    },
    "tardis:handbrake" : {
      "offset" : [ 0.0953125, 1.4312346846502315, -1.3529704504942823 ],
      "size" : [ 0.125, 0.1875, 0.3125 ]
    },
    "tardis:increment" : {
      "offset" : [ 0.9141026249760742, 1.6213250160217285, 0.453430172509172 ],
      "size" : [ 0.125, 0.0625, 0.06250000000000006 ]
    },
    "tardis:land_type" : {
      "offset" : [ 0.8919364793330681, 1.6610697975466906, -0.20199788534428034 ],
      "size" : [ 0.0625, 0.0625, 0.0625 ]
    },
    "tardis:monitor" : {
      "offset" : [ 0.26405523410699544, 1.577926797173177, 0.9546665039336248 ],
      "size" : [ 0.1875, 0.0625, 0.18749999999999978 ]
    },
    "tardis:randomizer" : {
      "offset" : [ -0.84981266478298, 1.55788627811665, 0.8076792499305994 ],
      "size" : [ 0.1875, 0.0625, 0.1875 ]
    },
    "tardis:refueler" : {
      "offset" : [ -0.30625, 1.4625, -1.365625 ],
      "size" : [ 0.3125, 0.0625, 0.125 ]
    },
    "tardis:sonic_port" : {
      "offset" : [ -0.06875, 1.65625, -0.909375 ],
      "size" : [ 0.125, 0.0625, 0.125 ]
    },
    "tardis:stabilizers" : {
      "offset" : [ -0.9818765041753568, 1.5532285039072211, 0.5670321224666872 ],
      "size" : [ 0.1875, 0.0625, 0.1875 ]
    },
    "tardis:telepathics" : {
      "offset" : [ -1.3874712680296808, 1.4572625160217285, 0.16492520759266738 ],
      "size" : [ 0.3125, 0.125, 0.3125 ]
    },
    "tardis:throttle" : {
      "offset" : [ 0.4078125, 1.433854837700429, -1.3475355463788328 ],
      "size" : [ 0.125, 0.1875, 0.3125 ]
    },
    "tardis:x" : {
      "offset" : [ 0.6289409713653762, 1.689859455815551, 0.5565217654289784 ],
      "size" : [ 0.0625, 0.0625, 0.0625 ]
    },
    "tardis:y" : {
      "offset" : [ 0.8966329992213242, 1.547829375116001, 0.7090122839748361 ],
      "size" : [ 0.0625, 0.0625, 0.0625 ]
    },
    "tardis:z" : {
      "offset" : [ 1.0629790466627183, 1.5011778278741188, 0.8094990655122346 ],
      "size" : [ 0.0625, 0.0625, 0.0625 ]
    }
  }
}