{
	"console":"aseoha:console/steam_fourteen",
	"controls": {
		"aseoha:light_switch":{
			"size": [0.07500000000000001, 0.1875, 0.11249999999999993],
			"offset":[0.16874999999999998, 1.03125, -0.8118749999999999]
		},
		"tardis:throttle":{
			"size": [0.3375, 0.2437499999999999, 0.16874999999999998],
			"offset":[-1.125, 0.9375, -0.31875]
		},
		"tardis:handbrake":{
			"size": [0.16874999999999998, 0.1875, 0.30000000000000004],
			"offset":[0.21562499999999998, 0.9375, 0.6749999999999999]
		},
		"tardis:refueler":{
			"size": [0.1875, 0.03749999999999998, 0.03750000000000009],
			"offset":[0.22499999999999998, 0.9562499999999999, -1.03125]
		},
		"tardis:stabilizers":{
			"size": [0.15000000000000002, 0.09375, 0.15],
			"offset":[-0.515625, 1.0687499999999999, 0.178125]
		},
		"tardis:increment":{
			"size": [0.2437499999999999, 0.09375, 0.13124999999999998],
			"offset":[-0.7687499999999999, 0.91875, -0.73125]
		},
		"tardis:x":{
			"size": [0.03749999999999998, 0.03750000000000009, 0.03750000000000003],
			"offset":[-0.496108875, 1.08977475, -0.3997066875]
		},
		"tardis:y":{
			"size": [0.03749999999999998, 0.03750000000000009, 0.03749999999999998],
			"offset":[-0.5429840625, 1.08977475, -0.31851674999999996]
		},
		"tardis:z":{
			"size": [0.03749999999999998, 0.03750000000000009, 0.037500000000000006],
			"offset":[-0.5898590625, 1.08977475, -0.23732699999999998]
		},
		"tardis:land_type":{
			"size": [0.24374999999999997, 0.09375, 0.20624999999999993],
			"offset":[-0.123747, 0.9267099374999999, -1.004553375]
		},
		"tardis:facing":{
			"size": [0.1875, 0.11250000000000004, 0.1875000000000001],
			"offset":[-0.43171875, 1.0125, 0.8624999999999999]
		},
		"tardis:randomizer":{
			"size": [0.22499999999999998, 0.1875, 0.22500000000000003],
			"offset":[-0.11624999999999999, 1.1925, 0.42375]
		},
		"tardis:dimension":{
			"size": [0.35624999999999996, 0.15000000000000002, 0.22499999999999998],
			"offset":[-0.18343668749999997, 0.9371690624999999, 0.6857821875]
		},
		"tardis:telepathics":{
			"size": [0.46875, 0.1875, 0.5812499999999999],
			"offset":[0.46875, 0.9375, 0.09375]
		},
		"tardis:fast_return":{
			"size": [0.09375000000000011, 0.05625000000000002, 0.09374999999999997],
			"offset":[0.9628125, 0.94125, 0.13125]
		},
		"tardis:communicator":{
			"size": [0.6, 0.35624999999999996, 0.6375],
			"offset":[0.6749999999999999, 0.84375, -0.8624999999999999]
		},
		"tardis:sonic_port":{
			"size": [0.2437499999999999, 0.11250000000000004, 0.24375000000000002],
			"offset":[-0.8156249999999999, 0.9375, 0.28125]
		},
		"tardis:door":{
			"size": [0.20625000000000004, 0.20625000000000004, 0.20624999999999993],
			"offset":[-0.80625, 0.91875, 0.69375]
		}
	}
}