{
  "console" : "aseoha:console/steam_fourteen",
  "controls" : {
    "aseoha:light_switch" : {
      "offset" : [ 0.16874999999999998, 1.03125, -0.8118749999999999 ],
      "size" : [ 0.07500000000000001, 0.1875, 0.11249999999999993 ]
    },
    "tardis:communicator" : {
      "offset" : [ 0.6749999999999999, 0.84375, -0.8624999999999999 ],
      "size" : [ 0.6, 0.35624999999999996, 0.6375 ]
    },
    "tardis:dimension" : {
      "offset" : [ -0.18343668749999997, 0.9371690624999999, 0.6857821875 ],
      "size" : [ 0.35624999999999996, 0.15000000000000002, 0.22499999999999998 ]
    },
    "tardis:door" : {
      "offset" : [ -0.80625, 0.91875, 0.69375 ],
      "size" : [ 0.20625000000000004, 0.20625000000000004, 0.20624999999999993 ]
    },
    "tardis:facing" : {
      "offset" : [ -0.43171875, 1.0125, 0.8624999999999999 ],
      "size" : [ 0.1875, 0.11250000000000004, 0.1875000000000001 ]
    },
    "tardis:fast_return" : {
      "offset" : [ 0.9628125, 0.94125, 0.13125 ],
      "size" : [ 0.09375000000000011, 0.05625000000000002, 0.09374999999999997 ]
    },
    "tardis:handbrake" : {
      "offset" : [ 0.21562499999999998, 0.9375, 0.6749999999999999 ],
      "size" : [ 0.16874999999999998, 0.1875, 0.30000000000000004 ]
    },
    "tardis:increment" : {
      "offset" : [ -0.7687499999999999, 0.91875, -0.73125 ],
      "size" : [ 0.2437499999999999, 0.09375, 0.13124999999999998 ]
    },
    "tardis:land_type" : {
      "offset" : [ -0.123747, 0.9267099374999999, -1.004553375 ],
      "size" : [ 0.24374999999999997, 0.09375, 0.20624999999999993 ]
    },
    "tardis:randomizer" : {
      "offset" : [ -0.11624999999999999, 1.1925, 0.42375 ],
      "size" : [ 0.22499999999999998, 0.1875, 0.22500000000000003 ]
    },
    "tardis:refueler" : {
      "offset" : [ 0.22499999999999998, 0.9562499999999999, -1.03125 ],
      "size" : [ 0.1875, 0.03749999999999998, 0.03750000000000009 ]
    },
    "tardis:sonic_port" : {
      "offset" : [ -0.8156249999999999, 0.9375, 0.28125 ],
      "size" : [ 0.2437499999999999, 0.11250000000000004, 0.24375000000000002 ]
    },
    "tardis:stabilizers" : {
      "offset" : [ -0.515625, 1.0687499999999999, 0.178125 ],
      "size" : [ 0.15000000000000002, 0.09375, 0.15 ]
    },
    "tardis:telepathics" : {
      "offset" : [ 0.46875, 0.9375, 0.09375 ],
      "size" : [ 0.46875, 0.1875, 0.5812499999999999 ]
    },
    "tardis:throttle" : {
      "offset" : [ -1.125, 0.9375, -0.31875 ],
      "size" : [ 0.3375, 0.2437499999999999, 0.16874999999999998 ]
    },
    "tardis:x" : {
      "offset" : [ -0.496108875, 1.08977475, -0.3997066875 ],
      "size" : [ 0.03749999999999998, 0.03750000000000009, 0.03750000000000003 ]
    },
    "tardis:y" : {
      "offset" : [ -0.5429840625, 1.08977475, -0.31851674999999996 ],
      "size" : [ 0.03749999999999998, 0.03750000000000009, 0.03749999999999998 ]
    },
    "tardis:z" : {
      "offset" : [ -0.5898590625, 1.08977475, -0.23732699999999998 ],
      "size" : [ 0.03749999999999998, 0.03750000000000009, 0.037500000000000006 ]
    }
  }
}