{
	"console":"aseoha:console/steam",
	"controls": {
		"tardis:throttle":{
			"size": [0.3125, 0.2499999999999999, 0.1875],
 			"offset":[-1.05, 0.8750000000000001, -0.29750000000000004]
		},
		"tardis:handbrake":{
			"size": [0.18750000000000003, 0.1874999999999999, 0.25],
 			"offset":[0.20125, 0.8750000000000001, 0.6300000000000001]
		},
		"tardis:refueler":{
			"size": [0.1875, 0.0625, 0.0625],
 			"offset":[0.21000000000000002, 0.8925000000000001, -0.9625000000000001]
		},
		"tardis:stabilizers":{
			"size": [0.125, 0.0625, 0.125],
 			"offset":[-0.48125000000000007, 0.9975, 0.16625]
		},
		"tardis:increment":{
			"size": [0.25, 0.0625, 0.125],
 			"offset":[-0.7175, 0.8575, -0.6825000000000001]
		},
		"tardis:x":{
			"size": [0.0625, 0.0625, 0.0625],
 			"offset":[-0.4630349478831118, 1.017123082255143, -0.37305954255978163]
		},
		"tardis:y":{
			"size": [0.0625, 0.0625, 0.0625],
 			"offset":[-0.5067850404624218, 1.017123082255143, -0.2972823731794081]
		},
		"tardis:z":{
			"size": [0.0625, 0.0625, 0.0625],
 			"offset":[-0.5505351330417316, 1.017123082255143, -0.2215052037990347]
		},
		"tardis:land_type":{
			"size": [0.25, 0.0625, 0.1875],
 			"offset":[-0.11549722916938128, 0.864929197295958, -0.9375832320654304]
		},
		"tardis:facing":{
			"size": [0.1875, 0.125, 0.1875],
 			"offset":[-0.4029375000000003, 0.9450000000000001, 0.805]
		},
		"tardis:randomizer":{
			"size": [0.1875, 0.1875, 0.18749999999999994],
 			"offset":[-0.1085, 1.1130000000000002, 0.3955]
		},
		"tardis:dimension":{
			"size": [0.3125, 0.125, 0.1875],
 			"offset":[-0.17120764245230757, 0.8746911123318465, 0.640063325879617]
		},
		"tardis:telepathics":{
			"size": [0.43749999999999994, 0.1874999999999999, 0.5625],
 			"offset":[0.43750000000000006, 0.8750000000000001, 0.08750000000000001]
		},
		"tardis:fast_return":{
			"size": [0.0625, 0.0625, 0.062499999999999986],
 			"offset":[0.8986250000000001, 0.8785000000000002, 0.12250000000000001]
		},
		"tardis:communicator":{
			"size": [0.5625, 0.3125, 0.625],
 			"offset":[0.6300000000000001, 0.7875000000000001, -0.805]
		},
		"tardis:sonic_port":{
			"size": [0.25, 0.12499999999999989, 0.24999999999999994],
 			"offset":[-0.7612500000000001, 0.8750000000000001, 0.2625]
		},
		"tardis:door":{
			"size": [0.1875, 0.1874999999999999, 0.1875],
 			"offset":[-0.7525000000000001, 0.8575, 0.6475000000000001]
		},
		"aseoha:light_switch":{
			"size": [0.0625, 0.1875, 0.125],
 			"offset":[0.15750000000000003, 0.9625000000000001, -0.75775]
		}
	}
}