{
  "console" : "aseoha:console/tokamak",
  "controls" : {
    "aseoha:collision" : {
      "offset" : [ -1.646875, 0.8882812500000001, -0.9275781249999993 ],
      "size" : [ 3.3125, 0.1875, 0.1875 ]
    },
    "tardis:communicator" : {
      "offset" : [ 0.9760156249999999, 1.1262430625, 0.39040625 ],
      "size" : [ 0.3750000000000001, 0.125, 0.5625 ]
    },
    "tardis:dimension" : {
      "offset" : [ -1.22001953125, 1.26776484375, -0.8052124062500001 ],
      "size" : [ 0.3125, 0.125, 0.375 ]
    },
    "tardis:door" : {
      "offset" : [ 0.152578125, 1.2806250000000001, -1.256953125 ],
      "size" : [ 0.1875, 0.3125, 0.3125 ]
    },
    "tardis:facing" : {
      "offset" : [ -0.18788325, 1.07988159375, -1.79098915625 ],
      "size" : [ 0.125, 0.1875, 0.125 ]
    },
    "tardis:fast_return" : {
      "offset" : [ 1.561625, 1.0554816875, -0.7076108437499999 ],
      "size" : [ 0.1875, 0.125, 0.3125 ]
    },
    "tardis:handbrake" : {
      "offset" : [ -1.39082178125, 1.17016328125, 0.48800781249999997 ],
      "size" : [ 0.1875, 0.3124999999999998, 0.18750000000000006 ]
    },
    "tardis:increment" : {
      "offset" : [ 0.75641259375, 1.29216571875, -1.04921728125 ],
      "size" : [ 0.125, 0.125, 0.125 ]
    },
    "tardis:land_type" : {
      "offset" : [ 1.1907390625, 1.067682125, -1.29810078125 ],
      "size" : [ 0.1875, 0.125, 0.1875 ]
    },
    "tardis:randomizer" : {
      "offset" : [ 0.9028149375000001, 1.1213625, 1.00041553125 ],
      "size" : [ 0.5, 0.125, 0.375 ]
    },
    "tardis:refueler" : {
      "offset" : [ -0.11907487500000001, 1.26098165625, -1.17386053125 ],
      "size" : [ 0.125, 0.125, 0.125 ]
    },
    "tardis:sonic_port" : {
      "offset" : [ -0.752211125, 1.0898684375, -1.71875140625 ],
      "size" : [ 0.125, 0.125, 0.125 ]
    },
    "tardis:stabilizers" : {
      "offset" : [ -0.29768428125, 1.1018421875, 1.51282421875 ],
      "size" : [ 0.5625, 0.125, 0.3125 ]
    },
    "tardis:telepathics" : {
      "offset" : [ 0.49776796875, 1.19456415625, -1.39570234375 ],
      "size" : [ 0.31250000000000006, 0.1875, 0.1875 ]
    },
    "tardis:throttle" : {
      "offset" : [ -1.2615004375, 1.17016328125, 0.75153203125 ],
      "size" : [ 0.1875, 0.3124999999999998, 0.1875 ]
    },
    "tardis:x" : {
      "offset" : [ 1.178538625, 1.316565625, -0.18788325 ],
      "size" : [ 0.125, 0.125, 0.125 ]
    },
    "tardis:y" : {
      "offset" : [ 1.0662973125000001, 1.26776484375, -0.51728828125 ],
      "size" : [ 0.125, 0.125, 0.125 ]
    },
    "tardis:z" : {
      "offset" : [ 0.8784140625000001, 1.29216571875, -0.7539723125 ],
      "size" : [ 0.125, 0.125, 0.125 ]
    }
  }
}