{
  "console":"aseoha:console/toyota",
  "controls": {
    "tardis:throttle":{
      "size": [0.25, 0.3125, 0.2499999999999999],
      "offset":[0.140625, 1.0687499999999999, 0.80625]
    },
    "tardis:handbrake":{
      "size": [0.25, 0.25, 0.25],
      "offset":[-0.39375, 1.0875, 0.778125]
    },
    "tardis:refueler":{
      "size": [0.375, 0.0625, 0.125],
      "offset":[-0.178125, 1.078125, -1.040625]
    },
    "tardis:stabilizers":{
      "size": [0.25, 0.125, 0.125],
      "offset":[-0.11249999999999999, 1.0875, 0.84375]
    },
    "tardis:increment":{
      "size": [0.0625, 0.125, 0.125],
      "offset":[-0.6449999999999999, 1.134375, 0.5606249999999999]
    },
    "tardis:x":{
      "size": [0.0625, 0.125, 0.0625],
      "offset":[-0.09375, 1.265625, 0.5971875]
    },
    "tardis:y":{
      "size": [0.0625, 0.125, 0.0625],
      "offset":[-0.01875, 1.265625, 0.5971875]
    },
    "tardis:z":{
      "size": [0.0625, 0.125, 0.0625],
      "offset":[0.056249999999999994, 1.2562499999999999, 0.609375]
    },
    "tardis:land_type":{
      "size": [0.125, 0.0625, 0.125],
      "offset":[0.1875, 1.190625, -0.825]
    },
    "tardis:facing":{
      "size": [0.125, 0.125, 0.125],
      "offset":[-1.02, 1.078125, -0.26625]
    },
    "tardis:randomizer":{
      "size": [0.1875, 0.125, 0.25],
      "offset":[-1.059375, 1.0687499999999999, 0.140625]
    },
    "tardis:dimension":{
      "size": [0.375, 0.1875, 0.3125],
      "offset":[-0.88125, 1.14375, -0.6]
    },
    "tardis:telepathics":{
      "size": [0.6250000000000001, 0.3125, 0.6875],
      "offset":[0.4125, 1.059375, 0.13125]
    },
    "tardis:fast_return":{
      "size": [0.125, 0.125, 0.125],
      "offset":[-0.3, 1.14375, -0.853125]
    },
    "tardis:communicator":{
      "size": [0.25, 0.125, 0.12500000000000006],
      "offset":[-0.84375, 1.0856249999999998, 0.440625]
    },
    "tardis:sonic_port":{
      "size": [0.125, 0.1875, 0.125],
      "offset":[-0.778125, 1.130625, 0.11249999999999999]
    },
    "tardis:monitor":{
      "size": [0.4375, 0.1875, 0.5],
      "offset":[0.553125, 1.08375, -0.6749999999999999]
    },
    "aseoha:light_switch":{
      "size": [0.0625, 0.25, 0.375],
      "offset":[0.20625, 0.984375, -1.21875]
    },
    "tardis:door":{
      "size": [0.0625, 0.25, 0.375],
      "offset":[-0.28125, 0.984375, -1.21875]
    }
  }
}