{
  "console" : "aseoha:console/toyota",
  "controls" : {
    "aseoha:light_switch" : {
      "offset" : [ 0.20625, 0.984375, -1.21875 ],
      "size" : [ 0.0625, 0.25, 0.375 ]
    },
    "tardis:communicator" : {
      "offset" : [ -0.84375, 1.0856249999999998, 0.440625 ],
      "size" : [ 0.25, 0.125, 0.12500000000000006 ]
    },
    "tardis:dimension" : {
      "offset" : [ -0.88125, 1.14375, -0.6 ],
      "size" : [ 0.375, 0.1875, 0.3125 ]
    },
    "tardis:door" : {
      "offset" : [ -0.28125, 0.984375, -1.21875 ],
      "size" : [ 0.0625, 0.25, 0.375 ]
    },
    "tardis:facing" : {
      "offset" : [ -1.02, 1.078125, -0.26625 ],
      "size" : [ 0.125, 0.125, 0.125 ]
    },
    "tardis:fast_return" : {
      "offset" : [ -0.3, 1.14375, -0.853125 ],
      "size" : [ 0.125, 0.125, 0.125 ]
    },
    "tardis:handbrake" : {
      "offset" : [ -0.39375, 1.0875, 0.778125 ],
      "size" : [ 0.25, 0.25, 0.25 ]
    },
    "tardis:increment" : {
      "offset" : [ -0.6449999999999999, 1.134375, 0.5606249999999999 ],
      "size" : [ 0.0625, 0.125, 0.125 ]
    },
    "tardis:land_type" : {
      "offset" : [ 0.1875, 1.190625, -0.825 ],
      "size" : [ 0.125, 0.0625, 0.125 ]
    },
    "tardis:monitor" : {
      "offset" : [ 0.553125, 1.08375, -0.6749999999999999 ],
      "size" : [ 0.4375, 0.1875, 0.5 ]
    },
    "tardis:randomizer" : {
      "offset" : [ -1.059375, 1.0687499999999999, 0.140625 ],
      "size" : [ 0.1875, 0.125, 0.25 ]
    },
    "tardis:refueler" : {
      "offset" : [ -0.178125, 1.078125, -1.040625 ],
      "size" : [ 0.375, 0.0625, 0.125 ]
    },
    "tardis:sonic_port" : {
      "offset" : [ -0.778125, 1.130625, 0.11249999999999999 ],
      "size" : [ 0.125, 0.1875, 0.125 ]
    },
    "tardis:stabilizers" : {
      "offset" : [ -0.11249999999999999, 1.0875, 0.84375 ],
      "size" : [ 0.25, 0.125, 0.125 ]
    },
    "tardis:telepathics" : {
      "offset" : [ 0.4125, 1.059375, 0.13125 ],
      "size" : [ 0.6250000000000001, 0.3125, 0.6875 ]
    },
    "tardis:throttle" : {
      "offset" : [ 0.140625, 1.0687499999999999, 0.80625 ],
      "size" : [ 0.25, 0.3125, 0.2499999999999999 ]
    },
    "tardis:x" : {
      "offset" : [ -0.09375, 1.265625, 0.5971875 ],
      "size" : [ 0.0625, 0.125, 0.0625 ]
    },
    "tardis:y" : {
      "offset" : [ -0.01875, 1.265625, 0.5971875 ],
      "size" : [ 0.0625, 0.125, 0.0625 ]
    },
    "tardis:z" : {
      "offset" : [ 0.056249999999999994, 1.2562499999999999, 0.609375 ],
      "size" : [ 0.0625, 0.125, 0.0625 ]
    }
  }
}